{
  "Products" : {
    "transaction" : "Products",
    "sampleCount" : 45000,
    "errorCount" : 4940,
    "errorPct" : 10.9777775,
    "meanResTime" : 16.246599999999887,
    "medianResTime" : 16.0,
    "minResTime" : 5.0,
    "maxResTime" : 46.0,
    "pct1ResTime" : 22.0,
    "pct2ResTime" : 23.0,
    "pct3ResTime" : 27.0,
    "throughput" : 187.45938380017662,
    "receivedKBytesPerSec" : 266.491938628141,
    "sentKBytesPerSec" : 43.269067418205225
  },
  "Total" : {
    "transaction" : "Total",
    "sampleCount" : 45000,
    "errorCount" : 4940,
    "errorPct" : 10.9777775,
    "meanResTime" : 16.246599999999887,
    "medianResTime" : 16.0,
    "minResTime" : 5.0,
    "maxResTime" : 46.0,
    "pct1ResTime" : 22.0,
    "pct2ResTime" : 23.0,
    "pct3ResTime" : 27.0,
    "throughput" : 187.45938380017662,
    "receivedKBytesPerSec" : 266.491938628141,
    "sentKBytesPerSec" : 43.269067418205225
  }
}