{
  "Total" : {
    "transaction" : "Total",
    "sampleCount" : 16000,
    "errorCount" : 0,
    "errorPct" : 0.0,
    "meanResTime" : 4.69606249999999,
    "medianResTime" : 3.0,
    "minResTime" : 1.0,
    "maxResTime" : 237.0,
    "pct1ResTime" : 6.0,
    "pct2ResTime" : 11.0,
    "pct3ResTime" : 37.0,
    "throughput" : 1347.3684210526314,
    "receivedKBytesPerSec" : 292.10526315789474,
    "sentKBytesPerSec" : 647.2106085526316
  },
  "HTTP Request" : {
    "transaction" : "HTTP Request",
    "sampleCount" : 16000,
    "errorCount" : 0,
    "errorPct" : 0.0,
    "meanResTime" : 4.69606249999999,
    "medianResTime" : 3.0,
    "minResTime" : 1.0,
    "maxResTime" : 237.0,
    "pct1ResTime" : 6.0,
    "pct2ResTime" : 11.0,
    "pct3ResTime" : 37.0,
    "throughput" : 1347.3684210526314,
    "receivedKBytesPerSec" : 292.10526315789474,
    "sentKBytesPerSec" : 647.2106085526316
  }
}